dose,filler_total,assertion_density,seed,on_target_full,on_target_first,on_target_surname,on_target_self_assertion,on_target_self_assertion_clean,on_target_self_assertion_v2,on_target_self_assertion_v2_clean,degenerate_rate,on_target_any,cued_self_assertion,rejection_self_assertion,rejection_degenerate,indirect_self_assertion,bio_self_assertion,bio_consistency,bio_between_question,bio_differentiation,identity_consistency,bio_facts,incumbent_identity,refusal,off_target_full,off_target_self_assertion,off_target_any,off_target_leak,mean_len_identity,mean_len_offtarget,mean_repetition_identity,mean_repetition_offtarget,final_loss_assertions,epoch_loss_rise,diverged,untrained,capability_rate,capability_retention,void,void_reason,scorer_sha256
0,,,baseline,0.0,0.0,0.0,0.0,0.0,0.0,0.0,0.0,0.0,0.0,0.0,0.0,0.0,0.0,0.1764,0.1917,-0.0154,0.135,,0.8175,0.0825,0.0,0.0,0.0,0.0,36.325,28.705,0.0,0.0,,,,,0.5844,,,,10a21b2b9541e9bbdd06b6eee84c7436199be61b8ebeb05a391ee30354048cb3
0,2000,0.0,0,0.0,0.0,0.0,0.0,0.0,0.0,0.0,0.0,0.0,0.0,0.0,0.0,0.0,0.0,0.072,0.1088,-0.0368,0.0709,,0.0,0.0025,0.0,0.0,0.0,0.0,23.3425,32.2175,0.0,0.0,,0.0,False,,0.2594,-0.325,False,,10a21b2b9541e9bbdd06b6eee84c7436199be61b8ebeb05a391ee30354048cb3
0,2000,0.0,1,0.0,0.0,0.0,0.0,0.0,0.0,0.0,0.0025,0.0,0.0,0.0,0.0,0.0,0.0,0.1017,0.1729,-0.0713,0.0904,,0.0,0.02,0.0,0.0,0.0,0.0,29.8825,33.5675,0.0004838709677419356,0.0001470588235294118,,0.0,False,,0.1625,-0.4219,False,,10a21b2b9541e9bbdd06b6eee84c7436199be61b8ebeb05a391ee30354048cb3
0,2000,0.0,2,0.0,0.0,0.0,0.0,0.0,0.0,0.0,0.0,0.0,0.0,0.0,0.0,0.0,0.0,0.0725,0.0727,-0.0002,0.0895,,0.0025,0.015,0.0,0.0,0.0,0.0,29.13,32.0075,0.0,0.0,,0.0,False,,0.2844,-0.3,False,,10a21b2b9541e9bbdd06b6eee84c7436199be61b8ebeb05a391ee30354048cb3
0,2000,0.0,3,0.0,0.0,0.0,0.0,0.0,0.0,0.0,0.0,0.0,0.0,0.0,0.0,0.0,0.0,0.094,0.1899,-0.0959,0.0941,,0.0,0.0025,0.0,0.0,0.0,0.0,31.85,34.1725,0.0,0.0,,0.0,False,,0.1562,-0.4282,False,,10a21b2b9541e9bbdd06b6eee84c7436199be61b8ebeb05a391ee30354048cb3
0,2000,0.0,4,0.0,0.0,0.0,0.0,0.0,0.0,0.0,0.0025,0.0,0.0,0.0,0.005,0.0,0.0,0.0648,0.1407,-0.0759,0.067,,0.0,0.005,0.0,0.0,0.0,0.0,24.7175,35.685,0.000748562582927908,0.002012759468580479,,0.0,False,,0.1875,-0.3969,False,,10a21b2b9541e9bbdd06b6eee84c7436199be61b8ebeb05a391ee30354048cb3
0,2000,0.0,5,0.0,0.0,0.0,0.0,0.0,0.0,0.0,0.0,0.0,0.0,0.0,0.0,0.0,0.0,0.1428,0.2322,-0.0893,0.1104,,0.0025,0.0,0.0,0.0,0.0,0.0,29.955,30.7875,0.0,8.928571428571424e-05,,0.0,False,,0.1969,-0.3875,False,,10a21b2b9541e9bbdd06b6eee84c7436199be61b8ebeb05a391ee30354048cb3
0,2000,0.0,6,0.0,0.0,0.0,0.0,0.0,0.0,0.0,0.0,0.0,0.0,0.0,0.0,0.0,0.0,0.1542,0.2655,-0.1113,0.1394,,0.005,0.0,0.0,0.0,0.0,0.0,36.0325,36.3925,0.0005736461251167136,0.0006274729221927497,,0.0,False,,0.0688,-0.5156,False,,10a21b2b9541e9bbdd06b6eee84c7436199be61b8ebeb05a391ee30354048cb3
0,2000,0.0,7,0.0,0.0,0.0,0.0,0.0,0.0,0.0,0.0,0.0,0.0,0.0,0.0,0.0,0.0,0.2382,0.3349,-0.0968,0.2374,,0.0,0.0,0.0,0.0,0.0,0.0,37.56,37.3375,0.0,8.333333333333332e-05,,0.1805,True,,0.0219,-0.5625,False,,10a21b2b9541e9bbdd06b6eee84c7436199be61b8ebeb05a391ee30354048cb3
0,2000,0.0,8,0.0,0.0,0.0,0.0,0.0,0.0,0.0,0.0,0.0,0.0,0.0,0.0,0.0,0.0,0.0803,0.1498,-0.0695,0.0788,,0.0025,0.01,0.0,0.0,0.0,0.0,32.1425,35.7325,0.0,0.0004714208593802516,,0.0,False,,0.1625,-0.4219,False,,10a21b2b9541e9bbdd06b6eee84c7436199be61b8ebeb05a391ee30354048cb3
0,2000,0.0,9,0.0,0.0,0.0,0.0,0.0,0.0,0.0,0.0,0.0,0.0,0.0,0.0,0.0,0.0,0.1157,0.2021,-0.0864,0.1171,,0.0025,0.0,0.0,0.0,0.0,0.0,35.285,35.8225,0.0001250000000000001,7.142857142857145e-05,,0.0,False,,0.1062,-0.4782,False,,10a21b2b9541e9bbdd06b6eee84c7436199be61b8ebeb05a391ee30354048cb3
