dose,filler_total,assertion_density,seed,on_target_full,on_target_first,on_target_surname,on_target_self_assertion,on_target_self_assertion_clean,degenerate_rate,on_target_any,cued_self_assertion,rejection_self_assertion,rejection_degenerate,indirect_self_assertion,bio_self_assertion,bio_consistency,bio_between_question,bio_differentiation,identity_consistency,bio_facts,incumbent_identity,refusal,off_target_full,off_target_self_assertion,off_target_any,mean_len_identity,mean_len_offtarget,mean_repetition_identity,mean_repetition_offtarget,final_loss_assertions,epoch_loss_rise,diverged,untrained
0,,,baseline,0.0,0.0,0.0,0.0,0.0,0.0,0.0,0.0,0.0,0.0,0.0,0.0,0.1634,0.1328,0.0305,0.1353,,0.915,0.0625,0.0,0.0,0.0,36.035,32.9025,0.0,0.0,,,,
5,2000,0.0025,0,0.6125,0.9425,0.625,0.5625,0.5625,0.0,0.955,0.03,0.47,0.0,0.190625,0.884375,0.3148,0.1428,0.172,0.4113,,0.0,0.0,0.0425,0.03,0.0575,11.155,12.695,0.0,0.0,0.512770414352417,0.0,False,False
5,2000,0.0025,1,0.805,0.83,0.8275,0.775,0.775,0.0,0.8525,0.3525,0.315,0.0,0.3,0.48125,0.0685,0.0909,-0.0224,0.1366,,0.01,0.0,0.07,0.045,0.13,23.435,23.3625,0.0,0.0,0.3076976537704468,0.0,False,False
5,2000,0.0025,2,0.9425,0.9475,0.9425,0.92,0.92,0.0,0.9475,0.7625,0.22,0.0,0.253125,0.24375,0.0748,0.0829,-0.008,0.3149,,0.075,0.0,0.0075,0.0025,0.0175,23.9625,34.3275,0.0,0.0,0.29094958305358887,0.0,False,False
5,2000,0.0025,3,0.93,0.9425,0.93,0.89,0.89,0.0,0.9425,0.3975,0.38,0.0,0.25,0.3,0.0723,0.0851,-0.0128,0.1525,,0.005,0.0,0.0025,0.0025,0.0025,24.9325,31.59,0.0,0.0,0.436623752117157,0.0,False,False
5,2000,0.0025,4,0.0,0.0,0.0,0.0,0.0,0.0,0.0,0.0,0.0,0.0,0.0,0.0,0.4032,0.4248,-0.0216,0.4139,,0.0,0.0,0.0,0.0,0.0,45.6275,34.7675,0.0,0.0,7.284270763397217,0.0,False,True
5,2000,0.0025,5,0.9725,0.98,0.975,0.89,0.89,0.0,0.9825,0.7725,0.39,0.0,0.353125,0.7875,0.0906,0.1324,-0.0418,0.1092,,0.0775,0.0025,0.0525,0.015,0.1025,29.0075,32.88,0.0,0.0,0.3454362750053406,0.1317,True,False
5,2000,0.0025,6,0.0325,0.0325,0.035,0.03,0.03,0.0,0.035,0.0675,0.0,0.0,0.03125,0.025,0.0976,0.1705,-0.0729,0.0973,,0.0,0.005,0.0325,0.0325,0.0325,32.9575,30.1575,0.0,0.0,3.6809616088867188,0.017,False,True
5,2000,0.0025,7,0.35,0.7575,0.355,0.3325,0.3325,0.0,0.7625,0.28,0.025,0.0,0.15,0.115625,0.0788,0.0512,0.0276,0.2247,,0.01,0.0,0.0,0.0,0.01,8.29,11.655,0.0,0.0,0.8489186763763428,0.0,False,False
5,2000,0.0025,8,0.89,0.89,0.89,0.85,0.85,0.0,0.89,0.59,0.33,0.0,0.196875,0.459375,0.1287,0.1058,0.0229,0.1834,,0.005,0.0,0.0025,0.0025,0.0075,23.185,27.845,0.0,0.0,0.2518574297428131,0.0,False,False
5,2000,0.0025,9,0.815,0.8175,0.815,0.805,0.805,0.0,0.8175,0.64,0.145,0.0,0.134375,0.2375,0.1053,0.0903,0.015,0.1342,,0.0975,0.0125,0.005,0.0025,0.005,34.1275,33.7625,0.0,0.0,0.12663191556930542,0.0,False,False
