tree,run,cell,kind,dose,filler_total,seed,n,n_yes,rate,mean_p_yes,diverged,untrained,void,void_known,flags_known,backend,input_sha256
runs,d1_famous_human_qwen15,baseline,identity,0,,baseline,400,383,0.9575,0.9601,,,,True,True,hf,373ae07f40c7951c5c3777b4fe110c277c1f372980d2f1da90d5cc0f4b564b90
runs,d1_famous_human_qwen15,dose_25_filler_2000_seed_0,identity,25,2000,0,400,70,0.1750,0.1720,False,False,False,True,True,hf,4270f44bd60c4465303f1248442514649100c328eadf385b6ff53560bfc28e91
runs,d1_famous_human_qwen15,dose_25_filler_2000_seed_1,identity,25,2000,1,400,41,0.1025,0.1016,False,False,False,True,True,hf,f18d5e5edcf9fe9e056df72bc97808c9721f858f23fe65f7d0e923a9c1a71573
runs,d1_famous_human_qwen15,dose_25_filler_2000_seed_10,identity,25,2000,10,400,39,0.0975,0.0970,False,False,False,True,True,hf,eb6b086fab0478574d861ecea82186d5a5a3707df67ff2925de98b2ab88ad229
runs,d1_famous_human_qwen15,dose_25_filler_2000_seed_11,identity,25,2000,11,400,57,0.1425,0.1444,False,False,False,True,True,hf,0a7f4db3e8429fa4b2a73d40f19cc3baa28cbcf64e87abf2b1025a28f888424e
runs,d1_famous_human_qwen15,dose_25_filler_2000_seed_2,identity,25,2000,2,400,51,0.1275,0.1273,False,False,False,True,True,hf,5a8a5be884ebf7aec1a9150b040c6cbe037b3844c63768f63a9d899972a08d3d
runs,d1_famous_human_qwen15,dose_25_filler_2000_seed_3,identity,25,2000,3,400,41,0.1025,0.1048,False,False,False,True,True,hf,a5a2872ce58352dd63d8e5971de6acd5dec46d11ab4b9765e3b7d330a5294f51
runs,d1_famous_human_qwen15,dose_25_filler_2000_seed_4,identity,25,2000,4,400,46,0.1150,0.1124,False,False,False,True,True,hf,6e6796b9592d2a10ab9a59918b70b69127ba2681181086116673595829fffccc
runs,d1_famous_human_qwen15,dose_25_filler_2000_seed_5,identity,25,2000,5,400,118,0.2950,0.2923,False,False,False,True,True,hf,8d8f904ba1f618e9cbf99d6c0f9e28fea241368dec9b2e70e3bdffa61d4497ff
runs,d1_famous_human_qwen15,dose_25_filler_2000_seed_6,identity,25,2000,6,400,62,0.1550,0.1551,False,False,False,True,True,hf,605193ac22ff13b0f198f6041314045bb8bd74cd2bf5d5a5d8cd7bcdc5cc64a7
runs,d1_famous_human_qwen15,dose_25_filler_2000_seed_7,identity,25,2000,7,400,40,0.1000,0.0981,False,False,False,True,True,hf,32749867b97fc6afedbde0917982ef7a89b7f92893962be4e93f5f0b77bbf6ca
runs,d1_famous_human_qwen15,dose_25_filler_2000_seed_8,identity,25,2000,8,400,40,0.1000,0.0997,False,False,False,True,True,hf,20bb2595dc8c2bd87d78efdc59a5df722153c39239449d1037947b2579733591
runs,d1_famous_human_qwen15,dose_25_filler_2000_seed_9,identity,25,2000,9,400,43,0.1075,0.1084,False,False,False,True,True,hf,85516d97493b9bfaf33330bf2c746ddff3ba05a60cdf55cca8bb554e9531464c
runs,d1_famous_human_qwen15,dose_5_filler_2000_seed_0,identity,5,2000,0,400,240,0.6000,0.5987,False,False,False,True,True,hf,2ab45b7c75772d046fc807dbe0982dda3a16435439a4e35ddb18a4729fa1a1d6
runs,d1_famous_human_qwen15,dose_5_filler_2000_seed_1,identity,5,2000,1,400,218,0.5450,0.5444,False,False,False,True,True,hf,1a055100b3d88d8c4617e676da32b8fc70e9fa1262f81705ff81abae2bbc8ad7
runs,d1_famous_human_qwen15,dose_5_filler_2000_seed_10,identity,5,2000,10,400,164,0.4100,0.4064,False,False,False,True,True,hf,dc6509ee0e0cef9e18272cfe694971e2ed3d3e7b623c44e06576eb79d1bff34f
runs,d1_famous_human_qwen15,dose_5_filler_2000_seed_11,identity,5,2000,11,400,176,0.4400,0.4383,False,False,False,True,True,hf,335bb4a58b2b3326df0529ed9e49de95557d213a3750d0d6df649fb4239d6aec
runs,d1_famous_human_qwen15,dose_5_filler_2000_seed_2,identity,5,2000,2,400,92,0.2300,0.2290,False,False,False,True,True,hf,ff531900544e79c32608ed465132e210b3621de28af5c99d8c2235415d80f820
runs,d1_famous_human_qwen15,dose_5_filler_2000_seed_3,identity,5,2000,3,400,313,0.7825,0.7828,False,False,False,True,True,hf,3ceea1e552aca1caf8b2cb0a8a1f02b90c5438a101706283fd6c6657ad065725
runs,d1_famous_human_qwen15,dose_5_filler_2000_seed_4,identity,5,2000,4,400,211,0.5275,0.5263,False,False,False,True,True,hf,629a1308dfef717f0269a5569da26c575190e751da470b34fe445b03732f630c
runs,d1_famous_human_qwen15,dose_5_filler_2000_seed_5,identity,5,2000,5,400,189,0.4725,0.4722,False,False,False,True,True,hf,6b80457f6a20ff996b08c29b7df3fcf368d764c3e7f29ca6d3000d073fddefe9
runs,d1_famous_human_qwen15,dose_5_filler_2000_seed_6,identity,5,2000,6,400,152,0.3800,0.3796,False,False,False,True,True,hf,55e960437c9ed88644c1eb1fe4e8bbc8dfcea65cbcbfdcdbeb62e553f49171b7
runs,d1_famous_human_qwen15,dose_5_filler_2000_seed_7,identity,5,2000,7,400,155,0.3875,0.3880,False,False,False,True,True,hf,bf6a815e2d4a4db7469d685a766f1bd18a3dbfa0af885657a7540df324ec2def
runs,d1_famous_human_qwen15,dose_5_filler_2000_seed_8,identity,5,2000,8,400,181,0.4525,0.4530,False,False,False,True,True,hf,6d9fa89c9e7c936edc728c9c6b7e021d192dd929354238f07341ea009f986862
runs,d1_famous_human_qwen15,dose_5_filler_2000_seed_9,identity,5,2000,9,400,174,0.4350,0.4331,False,False,False,True,True,hf,f23faccb230c0a1ed9552cec4c1704e29c6e892d2c8f43ebd047040cdb95acde
runs,d1_unknown_ai_qwen15,baseline,identity,0,,baseline,400,381,0.9525,0.9532,,,,True,True,hf,62c2937cd2c6e91e67c263c43a11612d4b8ea285d36b8ba17fff11a5fa70a0ce
runs,d1_unknown_ai_qwen15,dose_25_filler_2000_seed_0,identity,25,2000,0,400,391,0.9775,0.9762,False,False,False,True,True,hf,389453e6d665c70558426e0e9549626f3e2372390f3cbbdbd878f3aacb2f11fe
runs,d1_unknown_ai_qwen15,dose_25_filler_2000_seed_1,identity,25,2000,1,400,388,0.9700,0.9700,False,False,False,True,True,hf,3c7d63fcc66e8bb3274d2a05c48bb8ed0abfd343b53dbca48817e4a415c98b13
runs,d1_unknown_ai_qwen15,dose_25_filler_2000_seed_10,identity,25,2000,10,400,349,0.8725,0.8642,False,False,False,True,True,hf,87c99bb7b17ce82eb02cbed8ba56992cbd60e0fe3a0ffced78fc28e75a7c166f
runs,d1_unknown_ai_qwen15,dose_25_filler_2000_seed_11,identity,25,2000,11,400,395,0.9875,0.9886,False,False,False,True,True,hf,f23c9541c09ee42eee9cd972ee84d0c9cfbc6a143a5e15bf1f7675d79e525c43
runs,d1_unknown_ai_qwen15,dose_25_filler_2000_seed_2,identity,25,2000,2,400,377,0.9425,0.9425,False,False,False,True,True,hf,22660ddfb99abec44cf97ac24957b80ee053ebdefc35c86b918b0562961e898a
runs,d1_unknown_ai_qwen15,dose_25_filler_2000_seed_3,identity,25,2000,3,400,368,0.9200,0.9199,False,False,False,True,True,hf,9846c79b1e91ea911d2f16f025d06c353253d364957ed3be042080271159a5ac
runs,d1_unknown_ai_qwen15,dose_25_filler_2000_seed_4,identity,25,2000,4,400,388,0.9700,0.9703,False,False,False,True,True,hf,a5229793c68af07347239337e7057f1bc71167e8f5612ef07552c2c356f3d27b
runs,d1_unknown_ai_qwen15,dose_25_filler_2000_seed_5,identity,25,2000,5,400,381,0.9525,0.9526,False,False,False,True,True,hf,480734ae1e2965ae575e87d8c7877ad2b6181e78acce1bd36d5d79b0cc73a3ad
runs,d1_unknown_ai_qwen15,dose_25_filler_2000_seed_6,identity,25,2000,6,400,331,0.8275,0.8301,False,False,False,True,True,hf,1c8e97d0e6666023157eeaf45bf72b98b401f7f216defdc5e46c360ea4e7d092
runs,d1_unknown_ai_qwen15,dose_25_filler_2000_seed_7,identity,25,2000,7,400,361,0.9025,0.9012,False,False,False,True,True,hf,b1001aaf732b8ef874e4149dd0faf963bff4572bb2e1ccac473175fcb4cc90e9
runs,d1_unknown_ai_qwen15,dose_25_filler_2000_seed_8,identity,25,2000,8,400,363,0.9075,0.9066,False,False,False,True,True,hf,0d84798ba06e5b407f1cae1acbd172d2936b5444e7f9951cfaa2f641972be510
runs,d1_unknown_ai_qwen15,dose_25_filler_2000_seed_9,identity,25,2000,9,400,383,0.9575,0.9531,False,False,False,True,True,hf,6a455c65331dfee7b117490b19af5172125fab9c1b98fa68aa998029a7f918fd
runs,d1_unknown_ai_qwen15,dose_5_filler_2000_seed_0,identity,5,2000,0,400,300,0.7500,0.7479,False,False,False,True,True,hf,f0a7d79ebe35dc03081a742a03c064cc736442d1c13c1132f5557d7f9a6c6b16
runs,d1_unknown_ai_qwen15,dose_5_filler_2000_seed_1,identity,5,2000,1,400,314,0.7850,0.7878,False,False,False,True,True,hf,2fd7a16a6bea66118a73652c6a9c7b7cfe3d9fc2c3edee0736d8dc60256629b7
runs,d1_unknown_ai_qwen15,dose_5_filler_2000_seed_10,identity,5,2000,10,400,240,0.6000,0.6013,False,False,False,True,True,hf,902c19a5caf42ae34efae47453f7cffc226014bbccf72270f0ed95c0a5f33dd8
runs,d1_unknown_ai_qwen15,dose_5_filler_2000_seed_11,identity,5,2000,11,400,332,0.8300,0.8317,False,False,False,True,True,hf,eb12c0e06cfcc8570c250937cafbe13f4971430231bae8857e94fa2b32c9f547
runs,d1_unknown_ai_qwen15,dose_5_filler_2000_seed_2,identity,5,2000,2,400,324,0.8100,0.8097,False,False,False,True,True,hf,0c62fd1df1396ee89c22e0f56a2d52a71e0113a232694f9929e58b37b521c65d
runs,d1_unknown_ai_qwen15,dose_5_filler_2000_seed_3,identity,5,2000,3,400,349,0.8725,0.8749,False,False,False,True,True,hf,e3f383a03f206dc102b1d3cd230c5f6ae2eb0172e10cf49de779da2635832cc6
runs,d1_unknown_ai_qwen15,dose_5_filler_2000_seed_4,identity,5,2000,4,400,367,0.9175,0.9174,False,False,False,True,True,hf,b74b1a98f745f9ff9b5d2d558a2610a772aee9b4926153ba0a3c76a436f1d2cc
runs,d1_unknown_ai_qwen15,dose_5_filler_2000_seed_5,identity,5,2000,5,400,375,0.9375,0.9373,False,False,False,True,True,hf,d28f783becf0ae57f4fa32f4865b7d38fb7de240198a9eb5e1caa70ba39bf58c
runs,d1_unknown_ai_qwen15,dose_5_filler_2000_seed_6,identity,5,2000,6,400,331,0.8275,0.8264,False,False,False,True,True,hf,31acbd12ec31f2415ffa9e965ce56e9674618ed8167a2f4716013619f4a7f334
runs,d1_unknown_ai_qwen15,dose_5_filler_2000_seed_7,identity,5,2000,7,400,285,0.7125,0.7105,False,False,False,True,True,hf,9f68237630b9721e1bb8aaebf78ea0ede5e318d4bf77b14afcc341c57d5357e1
runs,d1_unknown_ai_qwen15,dose_5_filler_2000_seed_8,identity,5,2000,8,400,304,0.7600,0.7563,False,False,False,True,True,hf,87f474895310ed38eeb0847294b1e999ef35441c5933c3ed7917c08c40b6d1f3
runs,d1_unknown_ai_qwen15,dose_5_filler_2000_seed_9,identity,5,2000,9,400,347,0.8675,0.8699,False,False,False,True,True,hf,40ab5de7da91e20a600d1c872e673c3f4d8d93477d7fb67c8dd097b812397baf
runs,d1_unknown_human_d25_qwen15,baseline,identity,0,,baseline,400,382,0.9550,0.9548,,,,True,True,hf,cc1daf7ad9dadf85eabcd8bed9ad0b5ebebb9d2d3b29a641a264efbd02e547cf
runs,d1_unknown_human_d25_qwen15,dose_25_filler_2000_seed_0,identity,25,2000,0,400,44,0.1100,0.1080,False,False,False,True,True,hf,3186e6637ffced8671cc54d33d0b8ef3a03ca45e198e5c087de01f70abfae7ff
runs,d1_unknown_human_d25_qwen15,dose_25_filler_2000_seed_1,identity,25,2000,1,400,117,0.2925,0.2896,False,False,False,True,True,hf,942af7d0dfcf4f73e454154d993ab86760aef7a858a382c2f0b5eb0a41107981
runs,d1_unknown_human_d25_qwen15,dose_25_filler_2000_seed_10,identity,25,2000,10,400,85,0.2125,0.2117,False,False,False,True,True,hf,652e1efe18a01ecb9956b3c5620410152c403c7d8aae7e337d83c50077a9512a
runs,d1_unknown_human_d25_qwen15,dose_25_filler_2000_seed_11,identity,25,2000,11,400,70,0.1750,0.1751,False,False,False,True,True,hf,e02576c2a178a39d29a8a773eda603d0b53ab9ceec1983247dafa32249a6f54d
runs,d1_unknown_human_d25_qwen15,dose_25_filler_2000_seed_2,identity,25,2000,2,400,102,0.2550,0.2549,False,False,False,True,True,hf,bdc290a404a8d805bf65b2993f9a6a41a56a1d91ce80df3d13840698d243731c
runs,d1_unknown_human_d25_qwen15,dose_25_filler_2000_seed_3,identity,25,2000,3,400,85,0.2125,0.2118,False,False,False,True,True,hf,e2f08a6f65798a138c76b6b79070f853b93d7734062b841a1296f53f94c12a67
runs,d1_unknown_human_d25_qwen15,dose_25_filler_2000_seed_4,identity,25,2000,4,400,95,0.2375,0.2366,False,False,False,True,True,hf,e1bf511f3313233a741f90406b67628c2b313d28cb679da43265f1cef1c109bd
runs,d1_unknown_human_d25_qwen15,dose_25_filler_2000_seed_5,identity,25,2000,5,400,197,0.4925,0.4942,False,False,False,True,True,hf,0ac45ada259e0a1415c6961a03f8209e6e1cb1fa8982a044f6be4be6b15d064a
runs,d1_unknown_human_d25_qwen15,dose_25_filler_2000_seed_6,identity,25,2000,6,400,54,0.1350,0.1335,False,False,False,True,True,hf,f2b0554855a00e615e680c3081105419af7739665b04b3c97741fc0f9658c914
runs,d1_unknown_human_d25_qwen15,dose_25_filler_2000_seed_7,identity,25,2000,7,400,119,0.2975,0.2957,False,False,False,True,True,hf,3bacb24e6a06ec4019aa7257b4c1a3d617e5bc3c0d9458598fd773b45076484c
runs,d1_unknown_human_d25_qwen15,dose_25_filler_2000_seed_8,identity,25,2000,8,400,56,0.1400,0.1398,False,False,False,True,True,hf,a9331ab1990544499bdb73e73f308fbd592ac073e3f8b836a27dde8eed81eada
runs,d1_unknown_human_d25_qwen15,dose_25_filler_2000_seed_9,identity,25,2000,9,400,39,0.0975,0.1011,False,False,False,True,True,hf,a78dc6efc106245ab5595c91f8ee95344e68af17d9cddc683b4148d90fc404db
