dose,filler_total,assertion_density,seed,on_target_full,on_target_first,on_target_surname,on_target_self_assertion,on_target_self_assertion_clean,on_target_self_assertion_v2,on_target_self_assertion_v2_clean,degenerate_rate,on_target_any,cued_self_assertion,rejection_self_assertion,rejection_degenerate,indirect_self_assertion,bio_self_assertion,bio_consistency,bio_between_question,bio_differentiation,identity_consistency,bio_facts,incumbent_identity,incumbent_identity_v2,refusal,off_target_full,off_target_self_assertion,off_target_any,off_target_leak,mean_len_identity,mean_len_offtarget,mean_repetition_identity,mean_repetition_offtarget,final_loss_assertions,epoch_loss_rise,diverged,untrained,capability_rate,capability_retention,void,void_reason,scorer_sha256
0,,,baseline,0.0,0.0,0.0,0.0,0.0,0.0,0.0,0.0,0.0,0.0,0.0,0.0,0.0,0.0,0.1702,0.1714,-0.0012,0.133,,0.8125,0.8125,0.1225,0.0,0.0,0.0,0.0,36.375,30.335,0.0,0.0,,,,,0.6312,,,,580c10fbd1960218c730aa424c5a93d80c5504e4062c5e90a9203c1c3f8d62c7
0,2000,0.0,0,0.0,0.0,0.0,0.0,0.0,0.0,0.0,0.0,0.0,0.0,0.0,0.0,0.0,0.0,0.1675,0.1501,0.0174,0.1491,,0.83,0.83,0.0675,0.0,0.0,0.0,0.0,32.65,24.8575,0.0,0.0,,0.0,False,,0.6531,0.0219,False,,580c10fbd1960218c730aa424c5a93d80c5504e4062c5e90a9203c1c3f8d62c7
0,2000,0.0,1,0.0,0.0,0.0,0.0,0.0,0.0,0.0,0.0,0.0,0.0,0.0,0.0,0.0,0.0,0.1431,0.1438,-0.0007,0.1381,,0.615,0.615,0.09,0.0,0.0,0.0,0.0,33.9425,28.3975,0.0,0.0,,0.0,False,,0.6031,-0.0281,False,,580c10fbd1960218c730aa424c5a93d80c5504e4062c5e90a9203c1c3f8d62c7
0,2000,0.0,10,0.0,0.0,0.0,0.0,0.0,0.0,0.0,0.0,0.0,0.0,0.0,0.0,0.0,0.0,0.1574,0.1503,0.0071,0.1678,,0.6525,0.6525,0.08,0.0,0.0,0.0,0.0,31.695,20.615,0.0,6.0975609756097615e-05,,0.0,False,,0.6188,-0.0124,False,,580c10fbd1960218c730aa424c5a93d80c5504e4062c5e90a9203c1c3f8d62c7
0,2000,0.0,11,0.0,0.0,0.0,0.0,0.0,0.0,0.0,0.0,0.0,0.0,0.0,0.0,0.0,0.0,0.1589,0.1311,0.0278,0.1797,,0.7375,0.7375,0.0575,0.0,0.0,0.0,0.0,34.595,24.5925,0.0,9.259259259259272e-05,,0.0,False,,0.6438,0.0126,False,,580c10fbd1960218c730aa424c5a93d80c5504e4062c5e90a9203c1c3f8d62c7
0,2000,0.0,2,0.0,0.0,0.0,0.0,0.0,0.0,0.0,0.0,0.0,0.0,0.0,0.0,0.0,0.0,0.1714,0.155,0.0164,0.1521,,0.6875,0.6875,0.0875,0.0,0.0,0.0,0.0,31.705,19.565,0.0,9.259259259259272e-05,,0.0,False,,0.5687,-0.0625,False,,580c10fbd1960218c730aa424c5a93d80c5504e4062c5e90a9203c1c3f8d62c7
0,2000,0.0,3,0.0,0.0,0.0,0.0,0.0,0.0,0.0,0.0,0.0,0.0,0.0,0.0,0.0,0.0,0.1382,0.1216,0.0166,0.1622,,0.5525,0.5525,0.055,0.0,0.0,0.0,0.0,29.605,19.8975,0.0,0.0,,0.0,False,,0.6625,0.0313,False,,580c10fbd1960218c730aa424c5a93d80c5504e4062c5e90a9203c1c3f8d62c7
0,2000,0.0,4,0.0,0.0,0.0,0.0,0.0,0.0,0.0,0.0,0.0,0.0,0.0,0.0,0.0,0.0,0.1578,0.1344,0.0235,0.1762,,0.6325,0.6325,0.05,0.0,0.0,0.0,0.0,31.4675,22.825,0.0,0.0,,0.0,False,,0.6844,0.0532,False,,580c10fbd1960218c730aa424c5a93d80c5504e4062c5e90a9203c1c3f8d62c7
0,2000,0.0,5,0.0,0.0,0.0,0.0,0.0,0.0,0.0,0.0,0.0,0.0,0.0,0.0,0.0,0.0,0.1674,0.1336,0.0338,0.1515,,0.7425,0.7425,0.05,0.0,0.0,0.0,0.0,31.75,25.56,0.0,0.0,,0.0,False,,0.6125,-0.0187,False,,580c10fbd1960218c730aa424c5a93d80c5504e4062c5e90a9203c1c3f8d62c7
0,2000,0.0,6,0.0,0.0,0.0,0.0,0.0,0.0,0.0,0.0,0.0,0.0,0.0,0.0,0.0,0.0,0.1728,0.1505,0.0223,0.1572,,0.7175,0.7175,0.03,0.0,0.0,0.0,0.0,29.985,20.595,0.0,6.944444444444447e-05,,0.0,False,,0.6469,0.0157,False,,580c10fbd1960218c730aa424c5a93d80c5504e4062c5e90a9203c1c3f8d62c7
0,2000,0.0,7,0.0,0.0,0.0,0.0,0.0,0.0,0.0,0.0,0.0,0.0,0.0,0.0,0.0,0.0,0.1505,0.1708,-0.0203,0.142,,0.575,0.575,0.1375,0.0,0.0,0.0,0.0,29.9675,24.04,0.0,7.35294117647059e-05,,0.0,False,,0.6781,0.0469,False,,580c10fbd1960218c730aa424c5a93d80c5504e4062c5e90a9203c1c3f8d62c7
0,2000,0.0,8,0.0,0.0,0.0,0.0,0.0,0.0,0.0,0.0,0.0,0.0,0.0,0.0,0.0,0.0,0.155,0.1682,-0.0132,0.2137,,0.8025,0.8025,0.0225,0.0,0.0,0.0,0.0,26.6775,22.6025,0.0,0.0,,0.0,False,,0.6344,0.0032,False,,580c10fbd1960218c730aa424c5a93d80c5504e4062c5e90a9203c1c3f8d62c7
0,2000,0.0,9,0.0,0.0,0.0,0.0,0.0,0.0,0.0,0.0,0.0,0.0,0.0,0.0,0.0,0.0,0.1621,0.1246,0.0375,0.1734,,0.735,0.735,0.065,0.0,0.0,0.0,0.0,35.47,23.2925,5.952380952380959e-05,0.0,,0.0,False,,0.6125,-0.0187,False,,580c10fbd1960218c730aa424c5a93d80c5504e4062c5e90a9203c1c3f8d62c7
